{
  "/distMin": {
    "min": 3,
    "max": 100,
    "value": 32.099998474121094
  },
  "/textSize": {
    "min": 10,
    "max": 100,
    "value": 16.975000381469727
  },
  "/timeFaceSave": {
    "min": 0.5,
    "max": 5,
    "value": 2.3450000286102295
  },
  "/particleAttractionStrength": {
    "min": -10,
    "max": 10,
    "value": 5
  },
  "/__DEBUG_BOUNDINGS__": {"value": 0},
  "/blurLevel": {
    "min": 1,
    "max": 4,
    "value": 2.0799999237060547
  },
  "/__DEBUG__": {"value": 1},
  "/bZoom": {"value": 1},
  "/timeChangeScene": {
    "min": 5,
    "max": 90,
    "value": 10.949999809265137
  },
  "/textLeading": {
    "min": 10,
    "max": 100,
    "value": 10.675000190734863
  },
  "/imageSize": {
    "min": 2,
    "max": 8,
    "value": 8
  },
  "/particleAmount": {
    "min": 100,
    "max": 2500,
    "value": 2000
  },
  "/__DEBUG_IMAGES__": {"value": 0},
  "/faceBoundingBorders": {
    "min": 0,
    "max": 100,
    "value": 85
  },
  "/particleAttractionRadiusFactor": {
    "min": 1,
    "max": 15,
    "value": 2
  },
  "/imageSizeBene": {
    "min": 2,
    "max": 10,
    "value": 7.599999904632568
  },
  "/displacement": {
    "min": 0,
    "max": 1000,
    "value": 250
  },
  "/__DEBUG_INFOS__": {"value": 1},
  "/timeRevealBene": {
    "min": 0.10000000149011612,
    "max": 1,
    "value": 0.8999999761581421
  },
  "/foundFactorRelax": {
    "min": 0.10000000149011612,
    "max": 1,
    "value": 1
  },
  "/alphaImageFace": {
    "min": 0,
    "max": 255,
    "value": 101.99999237060547
  },
  "/faceRatioThreshold": {
    "min": 0.10000000149011612,
    "max": 1,
    "value": 0.46449998021125793
  },
  "/__DEBUG_FEATURES__": {"value": 0},
  "/timeOnBeginAnimCall": {
    "min": 0,
    "max": 10,
    "value": 1.0499999523162842
  },
  "/zoomSpeed": {
    "min": 0.10000000149011612,
    "max": 1,
    "value": 0.17649999260902405
  },
  "/particleRadius": {
    "min": 5,
    "max": 30,
    "value": 10
  },
  "/bDoBlur": {"value": 1}
}